year_month,total_revenue,transaction_count
2023-01,104495.55,640
2023-02,105264.8,548
2023-03,148357.38,658
2023-04,84180.14,571
2023-05,106813.48,616
2023-06,102149.14,616
2023-07,118496.07,653
2023-08,112312.73,622
2023-09,118145.16,623
2023-10,128091.45,632
2023-11,113120.78,592
2023-12,115815.84,625
2024-01,109264.36,623
2024-02,104006.26,578
2024-03,112488.49,584
2024-04,107173.72,637
2024-05,106098.0,633
2024-06,95210.55,579
2024-07,123526.9,617
2024-08,97526.35,600
2024-09,115463.6,599
2024-10,120470.13,596
2024-11,113283.38,576
2024-12,118337.2,582
