product_name,total_quantity
Cutting Board Bamboo,645
LEGO City Set 500pc,618
Clean Code,610
Mascara Waterproof,606
Sunscreen SPF 50,602
Dish Rack Stainless,596
Jump Rope Speed,593
Slime Making Kit,590
Card Game Uno,589
Cotton T-Shirt Pack,589
The Pragmatic Programmer,582
Nail Polish Kit,581
RC Car Off-Road,580
Exercise Bike Foldable,577
Lip Gloss Set 12pc,576
Gym Gloves Padded,574
Blender Pro 1000W,574
Knife Set Premium,573
Coffee Maker Drip,573
Yoga Pants Flex,573
Windshield Sun Shade,571
Sports Leggings Pro,570
Conditioner Deep Repair,570
Algorithms Unlocked,570
Seat Cover Universal,569
SQL for Beginners,567
Women's Floral Dress,565
Resistance Bands Set,561
Python Crash Course,560
Running Shoes Air,559
Dash Cam Full HD,559
Action Figure Pack,556
Wooden Puzzle 100pc,555
Vitamin C Serum,555
Moisturising Face Cream,554
Casual Hoodie,553
Food Processor 700W,551
Running Belt Phone,549
Pull-up Bar Doorway,544
Non-stick Cookware Set,544
Yoga Mat Non-slip,544
Deep Learning with PyTorch,543
Air Fryer XL,542
Magnetic Drawing Board,540
Winter Jacket Parka,531
Men's Slim Fit Jeans,528
OBD2 Scanner,528
Data Science Handbook,524
Protein Shaker Bottle,521
Dumbbell Set 20kg,521
Steering Wheel Cover,520
Jump Starter 1000A,516
Car Phone Mount,514
Rain Coat Waterproof,514
Foam Roller Massage,511
Car Vacuum Cleaner,511
Linux Command Line,508
Board Game Strategy,505
Tyre Inflator Portable,505
Shampoo Argan Oil,503
Formal Shirt White,499
Building Blocks 200pc,498
Design Patterns,498
Foundation Natural 30ml,496
Eye Shadow Palette,493
Car Air Freshener,491
Machine Learning Basics,485
Instant Pot Duo,466
Electric Kettle Glass,443
Stuffed Animal Bear,433
Gaming Headset 7.1,418
Phone Stand Adjustable,414
Gaming Keyboard,406
USB-C Hub,395
Bluetooth Speaker Portable,368
Noise Cancelling Headphones,363
Portable SSD 1TB,349
LED Desk Lamp,345
Mechanical Keyboard RGB,344
Wireless Mouse,339
4K Monitor,330
Laptop Pro 15,323
Webcam HD 1080p,321
Tablet Ultra,316
Smart Watch Series 5,310
