city,total_revenue
Dallas,107083.75
San Francisco,106735.25
Louisville,102025.22
Nashville,100969.2
Seattle,100382.9
Chicago,99741.8
Portland,97945.56
Houston,97707.74
San Jose,96997.7
Phoenix,94817.55
Denver,92352.27
Jacksonville,91366.81
Los Angeles,91224.27
Philadelphia,90307.27
Columbus,89378.14
El Paso,89204.44
Memphis,86132.42
Milwaukee,85488.41
Boston,84717.74
Las Vegas,84480.27
San Diego,83647.63
Oklahoma City,82995.59
Charlotte,82366.53
New York,82062.17
Fort Worth,79694.85
Indianapolis,78745.12
Albuquerque,78254.13
Baltimore,78117.98
Austin,75100.05
San Antonio,70048.7
